                  epoch,         train/box_loss,         train/cls_loss,         train/dfl_loss,   metrics/precision(B),      metrics/recall(B),       metrics/mAP50(B),    metrics/mAP50-95(B),           val/box_loss,           val/cls_loss,           val/dfl_loss,                 lr/pg0,                 lr/pg1,                 lr/pg2
                      1,                 2.2342,                 5.5084,                 2.3969,                0.02157,                0.14322,                0.01319,                0.00388,                 3.1315,                 16.466,                  4.604,               0.070294,              0.0033007,              0.0033007
                      2,                 2.2896,                 4.8037,                  2.513,                0.43415,                0.16242,                0.09265,                0.03328,                  2.762,                 14.991,                 3.3487,               0.040294,              0.0066339,              0.0066339
                      3,                 2.2219,                 4.6153,                 2.4416,                0.31767,                0.15889,                0.11459,                0.04545,                 2.9491,                 23.134,                 3.3856,               0.010293,              0.0099665,              0.0099665
                      4,                 2.1648,                 4.3971,                 2.3579,                 0.3039,                0.27322,                0.15122,                0.06319,                 2.5135,                 11.291,                 2.9216,              0.0099982,              0.0099982,              0.0099982
                      5,                  2.105,                 4.2165,                 2.2988,                0.59174,                 0.2114,                0.24901,                0.10961,                 2.4614,                 6.4625,                 2.8623,              0.0099968,              0.0099968,              0.0099968
                      6,                 2.1051,                  4.057,                  2.296,                0.40529,                0.33143,                0.25776,                0.11636,                 2.4095,                 6.7865,                 2.6388,               0.009995,               0.009995,               0.009995
                      7,                  2.038,                 3.9846,                 2.2593,                0.46232,                 0.3858,                0.38949,                0.18632,                 2.2215,                 4.5211,                 2.5675,              0.0099928,              0.0099928,              0.0099928
                      8,                 2.0172,                 3.8969,                 2.2778,                0.53504,                0.32872,                0.33171,                0.16095,                 2.1568,                 5.3559,                 2.5316,              0.0099902,              0.0099902,              0.0099902
                      9,                 1.9756,                 3.7035,                 2.2019,                0.58241,                0.44484,                 0.4797,                0.23952,                 2.1203,                 3.6385,                  2.421,              0.0099872,              0.0099872,              0.0099872
                     10,                 1.9534,                  3.649,                 2.1848,                 0.5554,                0.43775,                0.41806,                0.19408,                 2.2756,                 4.3401,                  2.575,              0.0099839,              0.0099839,              0.0099839
                     11,                 1.9781,                 3.6706,                 2.2088,                0.47434,                0.38479,                0.38216,                0.17882,                 2.2102,                 4.5192,                 2.5358,              0.0099801,              0.0099801,              0.0099801
                     12,                 1.9365,                  3.556,                 2.1619,                0.60274,                0.41548,                 0.4467,                0.21656,                 2.1192,                 3.9907,                 2.4651,              0.0099759,              0.0099759,              0.0099759
                     13,                 1.9204,                 3.4388,                 2.1396,                0.67399,                 0.4631,                0.51713,                0.26528,                 2.0142,                 3.6748,                 2.3331,              0.0099713,              0.0099713,              0.0099713
                     14,                 1.9071,                 3.3913,                  2.138,                0.57373,                0.48585,                0.52042,                0.26812,                 1.9854,                 3.5334,                  2.352,              0.0099663,              0.0099663,              0.0099663
                     15,                 1.8724,                 3.2883,                 2.1022,                0.48721,                0.52345,                0.48834,                0.23846,                 2.1191,                 3.7174,                 2.4029,               0.009961,               0.009961,               0.009961
                     16,                 1.8604,                 3.3008,                 2.1006,                0.68566,                0.50408,                 0.5538,                0.29639,                 2.0032,                 3.3627,                 2.3437,              0.0099552,              0.0099552,              0.0099552
                     17,                 1.8706,                  3.298,                 2.1139,                0.57195,                0.47156,                0.52872,                0.27815,                 1.9725,                 3.3941,                 2.3023,               0.009949,               0.009949,               0.009949
                     18,                 1.8317,                 3.1959,                 2.0709,                0.65836,                0.51855,                 0.5817,                0.30127,                 1.9612,                   3.14,                 2.2875,              0.0099425,              0.0099425,              0.0099425
                     19,                 1.8204,                 3.0929,                 2.0472,                0.69414,                0.49517,                 0.5698,                0.30225,                 1.9698,                 3.1015,                 2.2852,              0.0099355,              0.0099355,              0.0099355
                     20,                 1.8504,                 3.1391,                 2.0666,                0.47174,                0.51413,                0.50534,                0.25573,                  2.085,                 3.4512,                 2.4209,              0.0099282,              0.0099282,              0.0099282
                     21,                 1.8074,                 3.0661,                  2.037,                0.57198,                0.55384,                0.57684,                0.30753,                 1.9239,                 3.0353,                 2.2783,              0.0099205,              0.0099205,              0.0099205
                     22,                  1.836,                 3.0516,                 2.0631,                0.64854,                0.53261,                0.59315,                0.32293,                 1.9171,                 3.0099,                 2.2512,              0.0099123,              0.0099123,              0.0099123
                     23,                 1.8193,                 3.0575,                 2.0473,                0.62385,                0.56781,                0.60276,                0.32513,                 1.9139,                 2.9494,                 2.2115,              0.0099038,              0.0099038,              0.0099038
                     24,                 1.8293,                 3.1045,                 2.0765,                0.60096,                0.53957,                0.56222,                 0.2955,                 1.9756,                 3.2485,                 2.3118,              0.0098949,              0.0098949,              0.0098949
                     25,                 1.8045,                 3.0206,                 2.0214,                0.67585,                0.54738,                0.60446,                0.33277,                 1.8674,                 3.2316,                 2.1997,              0.0098856,              0.0098856,              0.0098856
                     26,                 1.7564,                 2.9988,                 2.0379,                0.65812,                0.56671,                0.62396,                0.33855,                  1.893,                 3.0135,                 2.2295,              0.0098759,              0.0098759,              0.0098759
                     27,                 1.7775,                 2.9617,                 2.0136,                0.65345,                0.55198,                0.61457,                 0.3221,                 1.9247,                 3.0461,                 2.2283,              0.0098658,              0.0098658,              0.0098658
                     28,                 1.7918,                 2.9373,                 2.0279,                0.66706,                0.57818,                0.61077,                0.32943,                 1.9132,                 3.0156,                 2.2087,              0.0098553,              0.0098553,              0.0098553
                     29,                 1.7611,                  2.844,                 1.9918,                0.63628,                0.60669,                0.63392,                0.35239,                 1.8656,                 2.8091,                 2.1723,              0.0098445,              0.0098445,              0.0098445
                     30,                 1.7365,                 2.8384,                 1.9926,                0.68434,                0.55851,                 0.6176,                  0.349,                 1.9578,                 3.0208,                  2.258,              0.0098332,              0.0098332,              0.0098332
                     31,                  1.731,                 2.8401,                 1.9953,                0.59753,                0.61917,                0.65378,                0.36447,                  1.841,                 2.7416,                 2.1952,              0.0098216,              0.0098216,              0.0098216
                     32,                 1.7168,                 2.7769,                 1.9655,                0.58582,                0.54163,                0.56505,                0.30805,                 1.8761,                 2.9658,                  2.204,              0.0098096,              0.0098096,              0.0098096
                     33,                 1.7338,                 2.8255,                 1.9888,                0.68788,                0.59048,                0.63182,                0.34584,                 1.9082,                 2.8042,                 2.2203,              0.0097972,              0.0097972,              0.0097972
                     34,                 1.7331,                 2.6889,                 1.9714,                0.72484,                0.57812,                0.64899,                0.36281,                 1.8548,                 2.7198,                 2.1578,              0.0097844,              0.0097844,              0.0097844
                     35,                 1.6992,                 2.6423,                 1.9352,                0.67673,                0.60534,                0.65663,                0.36416,                 1.8374,                 2.6622,                 2.1329,              0.0097713,              0.0097713,              0.0097713
                     36,                 1.7073,                 2.7082,                 1.9483,                 0.6621,                0.60523,                0.64725,                0.35854,                 1.8228,                 2.7111,                 2.1586,              0.0097577,              0.0097577,              0.0097577
                     37,                 1.7004,                 2.6904,                 1.9568,                0.66759,                0.62042,                0.66765,                0.36563,                 1.8698,                   2.66,                 2.1597,              0.0097438,              0.0097438,              0.0097438
                     38,                 1.7287,                 2.7134,                 1.9732,                0.70194,                0.57205,                 0.6458,                0.34963,                 1.9033,                 2.8859,                 2.2229,              0.0097295,              0.0097295,              0.0097295
                     39,                  1.742,                 2.6839,                 1.9666,                0.59547,                0.61873,                0.62375,                0.34391,                 1.8505,                 2.8186,                 2.1715,              0.0097148,              0.0097148,              0.0097148
                     40,                 1.7041,                 2.7083,                  1.957,                0.65042,                0.59717,                0.63167,                0.34912,                 1.8834,                 2.8182,                 2.2221,              0.0096998,              0.0096998,              0.0096998
                     41,                 1.7025,                 2.7325,                 1.9809,                0.66777,                0.63296,                0.66721,                0.38223,                 1.7786,                 2.5917,                  2.135,              0.0096844,              0.0096844,              0.0096844
                     42,                 1.6941,                 2.6356,                  1.942,                0.65543,                0.59524,                0.65355,                0.36185,                 1.8155,                 2.6329,                  2.149,              0.0096686,              0.0096686,              0.0096686
                     43,                 1.6885,                 2.6214,                 1.9438,                0.66724,                0.61742,                0.65835,                0.36336,                 1.8117,                 2.7182,                 2.1355,              0.0096524,              0.0096524,              0.0096524
                     44,                 1.6874,                 2.6542,                 1.9319,                0.73561,                0.61603,                0.67519,                0.38556,                 1.7874,                 2.5189,                 2.0915,              0.0096359,              0.0096359,              0.0096359
                     45,                 1.6529,                  2.584,                 1.9127,                0.71082,                0.62375,                0.67313,                0.38321,                 1.7699,                 2.5819,                 2.1006,              0.0096189,              0.0096189,              0.0096189
                     46,                 1.6151,                 2.4883,                 1.8681,                0.63768,                0.61599,                0.65776,                0.37335,                 1.7919,                 2.6276,                 2.1336,              0.0096017,              0.0096017,              0.0096017
                     47,                 1.6398,                 2.4677,                 1.8868,                0.73243,                0.60113,                 0.6633,                0.37922,                 1.7881,                 2.5983,                 2.0854,               0.009584,               0.009584,               0.009584
                     48,                 1.6562,                 2.6038,                 1.9071,                0.63501,                0.60545,                0.64842,                0.35481,                 1.8171,                 2.7037,                 2.1189,               0.009566,               0.009566,               0.009566
                     49,                 1.6229,                 2.4862,                 1.8969,                 0.7297,                0.65718,                0.69518,                0.40693,                 1.7598,                 2.4846,                 2.1129,              0.0095476,              0.0095476,              0.0095476
                     50,                 1.6587,                 2.5492,                 1.9164,                 0.7287,                 0.6281,                 0.6897,                0.38801,                 1.7786,                 2.4666,                 2.0979,              0.0095289,              0.0095289,              0.0095289
                     51,                 1.6615,                 2.5366,                 1.9183,                0.67307,                 0.6054,                0.65908,                0.37497,                 1.7564,                 2.6904,                 2.0884,              0.0095098,              0.0095098,              0.0095098
                     52,                 1.6493,                 2.5718,                 1.9399,                0.67863,                0.63205,                0.67184,                0.38115,                 1.8403,                 2.5958,                 2.1782,              0.0094903,              0.0094903,              0.0094903
                     53,                 1.6555,                 2.5112,                 1.8958,                0.72585,                0.64429,                0.69206,                 0.4001,                 1.7454,                 2.5001,                  2.096,              0.0094705,              0.0094705,              0.0094705
                     54,                  1.637,                  2.471,                 1.8969,                0.67736,                0.66365,                0.68626,                0.39812,                 1.7208,                 2.5049,                 2.0633,              0.0094504,              0.0094504,              0.0094504
                     55,                  1.629,                 2.4312,                 1.8962,                0.69795,                 0.6049,                 0.6657,                0.36795,                 1.8442,                 2.5615,                 2.1797,              0.0094298,              0.0094298,              0.0094298
                     56,                 1.6223,                  2.427,                 1.8781,                0.72911,                 0.6429,                0.69215,                0.40128,                 1.7356,                 2.4371,                 2.0703,              0.0094089,              0.0094089,              0.0094089
                     57,                 1.6305,                 2.4567,                 1.8773,                0.66978,                0.62254,                0.65623,                0.38367,                 1.7781,                 2.6362,                  2.136,              0.0093877,              0.0093877,              0.0093877
                     58,                  1.628,                 2.4934,                 1.9093,                0.71918,                0.64249,                0.70224,                0.40725,                 1.7129,                 2.4234,                 2.0375,              0.0093661,              0.0093661,              0.0093661
                     59,                 1.6211,                 2.3618,                 1.8475,                0.69064,                0.61929,                0.67091,                0.37346,                 1.7607,                 2.4962,                 2.0799,              0.0093442,              0.0093442,              0.0093442
                     60,                 1.6198,                 2.4146,                  1.877,                0.71733,                0.63402,                0.69202,                0.38465,                 1.7869,                 2.5185,                 2.0952,              0.0093219,              0.0093219,              0.0093219
                     61,                 1.6063,                 2.4364,                 1.8662,                0.74804,                0.62537,                0.69517,                 0.3935,                  1.766,                 2.5032,                 2.0846,              0.0092993,              0.0092993,              0.0092993
                     62,                 1.5811,                 2.3534,                 1.8515,                0.73677,                0.63786,                 0.6918,                 0.4025,                 1.7533,                  2.383,                 2.0621,              0.0092764,              0.0092764,              0.0092764
                     63,                 1.6093,                  2.322,                 1.8682,                0.69676,                 0.6454,                0.67238,                0.38769,                 1.7942,                 2.5591,                 2.1117,              0.0092531,              0.0092531,              0.0092531
                     64,                 1.5817,                  2.319,                 1.8539,                0.69885,                0.66847,                0.70499,                0.41192,                 1.7006,                 2.3384,                 2.0243,              0.0092294,              0.0092294,              0.0092294
                     65,                 1.5981,                 2.3175,                 1.8546,                0.75722,                0.63365,                0.69929,                0.40354,                 1.7655,                 2.4434,                 2.0798,              0.0092054,              0.0092054,              0.0092054
                     66,                 1.5529,                 2.2912,                 1.8192,                0.72684,                 0.6446,                 0.6952,                 0.4063,                 1.7103,                 2.3812,                 2.0401,              0.0091811,              0.0091811,              0.0091811
                     67,                 1.5675,                 2.2737,                 1.8237,                0.76296,                0.66928,                0.73001,                0.43086,                 1.6884,                 2.2659,                  2.006,              0.0091565,              0.0091565,              0.0091565
                     68,                 1.6146,                 2.3243,                 1.8704,                0.75491,                0.65905,                0.71206,                0.40447,                  1.763,                 2.3921,                 2.0778,              0.0091315,              0.0091315,              0.0091315
                     69,                 1.5687,                 2.2962,                 1.8455,                 0.7343,                0.65712,                0.71297,                0.41764,                 1.7115,                 2.2695,                 2.0243,              0.0091062,              0.0091062,              0.0091062
                     70,                 1.5879,                 2.2707,                 1.8297,                0.74878,                0.67267,                0.72635,                0.42974,                 1.6971,                 2.3011,                 2.0024,              0.0090806,              0.0090806,              0.0090806
                     71,                 1.5532,                 2.2097,                 1.8291,                0.70628,                0.65822,                0.69936,                0.40069,                 1.7683,                 2.3884,                 2.1084,              0.0090546,              0.0090546,              0.0090546
                     72,                  1.574,                 2.2716,                 1.8426,                0.73442,                0.64402,                0.70147,                0.40815,                 1.6985,                 2.3357,                 2.0298,              0.0090284,              0.0090284,              0.0090284
                     73,                 1.5771,                 2.3095,                 1.8522,                0.74222,                0.62734,                0.69044,                0.38766,                 1.7788,                 2.4058,                 2.0754,              0.0090018,              0.0090018,              0.0090018
                     74,                 1.5756,                 2.2526,                 1.8363,                0.67572,                0.66483,                0.69347,                0.39344,                 1.7453,                  2.474,                 2.0706,              0.0089748,              0.0089748,              0.0089748
                     75,                 1.5831,                 2.2549,                 1.8225,                0.69332,                0.66317,                0.68179,                0.39417,                 1.7215,                 2.4293,                 2.0168,              0.0089476,              0.0089476,              0.0089476
                     76,                 1.5221,                 2.2438,                 1.8096,                 0.7203,                0.66057,                0.71654,                0.43221,                 1.6758,                  2.258,                 1.9992,              0.0089201,              0.0089201,              0.0089201
                     77,                 1.5415,                 2.2063,                 1.7961,                0.74895,                0.63697,                0.70995,                0.40854,                 1.7129,                 2.3317,                 2.0126,              0.0088922,              0.0088922,              0.0088922
                     78,                 1.5404,                 2.2462,                 1.8219,                0.74674,                0.65716,                0.71931,                0.43357,                 1.6808,                 2.2748,                 2.0029,               0.008864,               0.008864,               0.008864
                     79,                 1.5395,                 2.1484,                 1.7848,                0.78673,                0.66424,                0.73678,                0.42993,                 1.6918,                  2.237,                 2.0036,              0.0088356,              0.0088356,              0.0088356
                     80,                 1.5249,                 2.2147,                 1.7974,                0.78272,                0.66738,                0.72984,                0.42515,                 1.6888,                 2.2725,                 1.9794,              0.0088068,              0.0088068,              0.0088068
                     81,                 1.5545,                 2.2052,                 1.8205,                0.77399,                0.62739,                0.70504,                0.41842,                 1.6962,                 2.4014,                 2.0246,              0.0087777,              0.0087777,              0.0087777
                     82,                 1.5546,                 2.2014,                 1.8165,                0.76225,                0.66478,                0.72682,                0.42016,                 1.6999,                 2.2495,                 2.0261,              0.0087483,              0.0087483,              0.0087483
                     83,                 1.5344,                 2.2033,                 1.8116,                0.76612,                  0.651,                0.70172,                0.40667,                 1.7267,                 2.3917,                 2.0296,              0.0087186,              0.0087186,              0.0087186
                     84,                 1.5454,                 2.1529,                 1.7897,                0.78106,                0.64588,                0.71511,                0.42432,                 1.6744,                 2.2689,                 1.9938,              0.0086887,              0.0086887,              0.0086887
                     85,                 1.5174,                 2.1435,                 1.7864,                 0.7302,                0.69841,                0.72998,                0.43954,                 1.6419,                 2.2155,                 1.9595,              0.0086584,              0.0086584,              0.0086584
                     86,                 1.5206,                 2.1519,                 1.7775,                0.74263,                0.67394,                0.71918,                0.42786,                 1.6621,                 2.2481,                   1.99,              0.0086278,              0.0086278,              0.0086278
                     87,                 1.5214,                  2.139,                  1.787,                0.79906,                0.64897,                0.72602,                0.43735,                 1.6515,                 2.2198,                 1.9803,               0.008597,               0.008597,               0.008597
                     88,                 1.5389,                 2.2138,                 1.8022,                0.71408,                 0.6708,                 0.7146,                0.41992,                 1.6763,                 2.2473,                 2.0016,              0.0085659,              0.0085659,              0.0085659
                     89,                 1.4841,                 2.0705,                 1.7749,                 0.7737,                0.69693,                0.73537,                0.44126,                 1.6729,                 2.2371,                 1.9628,              0.0085344,              0.0085344,              0.0085344
                     90,                 1.5024,                 2.0633,                 1.7691,                 0.7738,                0.68072,                0.74101,                0.43895,                  1.652,                 2.1757,                 1.9777,              0.0085027,              0.0085027,              0.0085027
                     91,                  1.531,                 2.1132,                 1.7781,                 0.7629,                0.67141,                0.73696,                0.42781,                 1.6791,                 2.2286,                 2.0229,              0.0084708,              0.0084708,              0.0084708
                     92,                 1.4939,                 2.0752,                 1.7768,                0.75269,                0.68273,                0.73909,                0.43529,                 1.7006,                 2.2244,                 2.0184,              0.0084385,              0.0084385,              0.0084385
                     93,                 1.5235,                 2.1182,                 1.7947,                0.75546,                0.65953,                0.72591,                0.40958,                 1.7355,                 2.2464,                 2.0228,               0.008406,               0.008406,               0.008406
                     94,                 1.5291,                  2.101,                 1.7868,                0.74565,                0.68062,                0.74266,                0.42979,                 1.6947,                 2.1575,                 2.0012,              0.0083732,              0.0083732,              0.0083732
                     95,                 1.5103,                 2.0883,                 1.7732,                0.75999,                0.68487,                0.73835,                0.43551,                 1.6686,                 2.1407,                 1.9846,              0.0083401,              0.0083401,              0.0083401
                     96,                 1.5023,                 2.0698,                  1.767,                  0.737,                0.70797,                0.73249,                0.43015,                 1.6958,                 2.1652,                 2.0113,              0.0083068,              0.0083068,              0.0083068
                     97,                 1.4917,                 2.0328,                 1.7401,                0.79587,                0.68133,                0.74171,                0.44013,                 1.6418,                 2.1371,                 1.9679,              0.0082732,              0.0082732,              0.0082732
                     98,                 1.5094,                 2.0583,                 1.7692,                0.74658,                0.69133,                0.72664,                0.42784,                 1.6881,                 2.1988,                  1.997,              0.0082394,              0.0082394,              0.0082394
                     99,                 1.4815,                 2.0322,                 1.7681,                 0.7411,                0.69896,                0.73606,                0.43885,                 1.6691,                 2.1625,                 1.9965,              0.0082052,              0.0082052,              0.0082052
                    100,                 1.4769,                 2.0808,                 1.7655,                0.79013,                0.68219,                0.74728,                0.44618,                 1.6366,                 2.1378,                 1.9627,              0.0081709,              0.0081709,              0.0081709
                    101,                 1.4858,                 2.0748,                 1.7565,                0.72924,                0.70322,                 0.7429,                0.43183,                  1.689,                 2.1387,                 1.9929,              0.0081363,              0.0081363,              0.0081363
                    102,                 1.5006,                 2.0527,                 1.7705,                0.78699,                0.67982,                0.74323,                0.44211,                 1.6943,                 2.1599,                 2.0185,              0.0081014,              0.0081014,              0.0081014
                    103,                  1.483,                 2.0183,                 1.7628,                0.78973,                0.69358,                0.74291,                0.44356,                 1.6702,                 2.1664,                 1.9761,              0.0080663,              0.0080663,              0.0080663
                    104,                  1.457,                 1.9903,                 1.7465,                0.76573,                0.69543,                0.74985,                0.45085,                 1.6697,                 2.0908,                 1.9651,               0.008031,               0.008031,               0.008031
                    105,                  1.503,                 2.0232,                 1.7518,                0.75598,                0.68132,                0.72427,                 0.4209,                 1.6844,                 2.2719,                 1.9955,              0.0079954,              0.0079954,              0.0079954
                    106,                 1.4613,                 1.9865,                 1.7497,                0.79847,                0.66262,                0.75603,                0.45038,                 1.6377,                 2.0894,                 1.9446,              0.0079595,              0.0079595,              0.0079595
                    107,                 1.4507,                  1.954,                  1.722,                0.78249,                0.67721,                0.75217,                0.45571,                 1.6446,                 2.0742,                 1.9597,              0.0079235,              0.0079235,              0.0079235
                    108,                 1.4447,                 1.9084,                 1.7303,                0.80995,                0.68257,                0.76136,                0.45489,                 1.6785,                 2.0968,                 1.9956,              0.0078872,              0.0078872,              0.0078872
                    109,                 1.4638,                 1.9663,                 1.7301,                0.78748,                0.68323,                0.74331,                0.44835,                 1.6442,                 2.1633,                 1.9543,              0.0078507,              0.0078507,              0.0078507
                    110,                 1.4547,                 1.9699,                 1.7428,                0.75228,                0.68788,                0.74246,                0.44922,                 1.6532,                 2.1909,                 1.9747,              0.0078139,              0.0078139,              0.0078139
                    111,                 1.4562,                 1.9681,                 1.7509,                0.76307,                0.69419,                0.75623,                0.45116,                 1.6316,                 2.0621,                 1.9542,              0.0077769,              0.0077769,              0.0077769
                    112,                 1.4518,                 1.9169,                 1.7175,                0.81018,                0.67743,                0.75723,                0.45492,                 1.6289,                 2.0457,                 1.9416,              0.0077397,              0.0077397,              0.0077397
                    113,                  1.471,                 1.9657,                 1.7561,                 0.7774,                0.71794,                0.77377,                0.46517,                 1.6201,                 2.0468,                  1.941,              0.0077023,              0.0077023,              0.0077023
                    114,                 1.4325,                  1.884,                 1.7131,                0.80292,                0.70648,                0.76095,                0.45417,                 1.6571,                 2.0688,                 1.9678,              0.0076647,              0.0076647,              0.0076647
                    115,                 1.4357,                 1.9053,                 1.7258,                0.82631,                0.69459,                0.76686,                0.45612,                 1.6387,                 2.0337,                 1.9549,              0.0076269,              0.0076269,              0.0076269
                    116,                 1.4258,                  1.911,                 1.7175,                0.81796,                0.69761,                0.77538,                0.46542,                 1.6303,                 2.0136,                 1.9605,              0.0075889,              0.0075889,              0.0075889
                    117,                 1.4344,                 1.8993,                 1.7229,                0.73667,                 0.7208,                0.75539,                0.45126,                 1.6378,                  2.086,                 1.9487,              0.0075506,              0.0075506,              0.0075506
                    118,                 1.4434,                 1.9241,                 1.7403,                0.79988,                0.69409,                0.75575,                0.45898,                 1.6134,                 2.0869,                 1.9389,              0.0075122,              0.0075122,              0.0075122
                    119,                 1.4296,                 1.9031,                 1.7183,                0.77893,                0.69373,                0.75619,                0.45469,                 1.6377,                 2.0802,                 1.9479,              0.0074735,              0.0074735,              0.0074735
                    120,                 1.4435,                 1.9513,                 1.7389,                 0.7958,                0.71326,                0.76114,                0.45821,                 1.6361,                 2.0349,                 1.9321,              0.0074347,              0.0074347,              0.0074347
                    121,                 1.4187,                 1.8711,                 1.7073,                0.75835,                0.71776,                0.74848,                 0.4419,                 1.6689,                 2.1072,                 1.9853,              0.0073956,              0.0073956,              0.0073956
                    122,                  1.428,                 1.8776,                  1.729,                0.80965,                0.69215,                0.76078,                0.45514,                 1.6393,                 2.0948,                 1.9541,              0.0073564,              0.0073564,              0.0073564
                    123,                 1.4103,                 1.8492,                 1.7067,                 0.8041,                0.69373,                0.75627,                0.45424,                 1.6238,                 2.0519,                 1.9363,               0.007317,               0.007317,               0.007317
                    124,                 1.4383,                 1.8739,                  1.714,                0.80367,                0.68598,                0.76219,                0.46518,                 1.6052,                 1.9893,                 1.9035,              0.0072774,              0.0072774,              0.0072774
                    125,                 1.4243,                 1.8923,                 1.7047,                0.82377,                0.69013,                0.75485,                 0.4577,                 1.6143,                 2.0327,                 1.9371,              0.0072377,              0.0072377,              0.0072377
                    126,                 1.4131,                 1.8411,                 1.6953,                0.78478,                0.71685,                0.76767,                0.46552,                 1.6183,                  2.006,                 1.9321,              0.0071977,              0.0071977,              0.0071977
                    127,                 1.3866,                  1.775,                 1.6722,                0.80529,                0.70846,                0.77796,                0.46946,                 1.6332,                 1.9957,                  1.927,              0.0071576,              0.0071576,              0.0071576
                    128,                 1.4123,                 1.8408,                 1.7043,                0.74917,                0.73975,                0.77065,                 0.4673,                 1.6198,                 1.9592,                 1.9023,              0.0071173,              0.0071173,              0.0071173
                    129,                 1.4139,                 1.8577,                  1.699,                0.76216,                0.70785,                0.75046,                0.45659,                 1.6003,                 2.0801,                 1.9388,              0.0070769,              0.0070769,              0.0070769
                    130,                 1.4401,                  1.892,                 1.7292,                0.79954,                0.71836,                0.75893,                0.45978,                 1.6321,                 2.0419,                 1.9398,              0.0070363,              0.0070363,              0.0070363
                    131,                 1.4175,                 1.8363,                 1.6959,                0.80832,                0.70648,                0.76248,                0.46708,                 1.6116,                 2.0345,                 1.9332,              0.0069955,              0.0069955,              0.0069955
                    132,                 1.4047,                 1.7845,                 1.6818,                0.77931,                 0.7128,                 0.7619,                0.47228,                 1.5895,                 2.0407,                 1.9134,              0.0069545,              0.0069545,              0.0069545
                    133,                 1.4263,                 1.8482,                 1.7093,                0.81566,                0.70016,                0.77159,                0.46401,                   1.59,                 1.9781,                 1.8949,              0.0069135,              0.0069135,              0.0069135
                    134,                 1.4158,                 1.8676,                 1.7188,                0.81554,                0.71648,                0.75633,                 0.4532,                 1.6226,                  2.028,                 1.9439,              0.0068722,              0.0068722,              0.0068722
                    135,                 1.4193,                 1.8177,                 1.6989,                 0.8184,                0.71887,                0.77146,                0.45738,                 1.6194,                  2.028,                 1.9313,              0.0068308,              0.0068308,              0.0068308
                    136,                 1.4107,                  1.807,                 1.6998,                0.81042,                0.71806,                0.77403,                0.46871,                 1.6161,                 1.9907,                 1.9367,              0.0067893,              0.0067893,              0.0067893
                    137,                 1.4279,                 1.8556,                 1.7116,                0.81499,                 0.7026,                0.77454,                0.46627,                 1.5991,                 1.9897,                  1.923,              0.0067476,              0.0067476,              0.0067476
                    138,                 1.4135,                 1.8251,                 1.6977,                0.81293,                0.70185,                0.75854,                0.46555,                 1.6083,                 2.0151,                 1.9243,              0.0067058,              0.0067058,              0.0067058
                    139,                 1.4085,                 1.7942,                 1.6866,                0.80094,                0.73062,                0.77725,                0.47464,                 1.6118,                   1.97,                 1.9359,              0.0066639,              0.0066639,              0.0066639
                    140,                 1.3742,                 1.7543,                  1.672,                0.82622,                0.73444,                0.78407,                 0.4764,                 1.5953,                 1.9402,                 1.9068,              0.0066218,              0.0066218,              0.0066218
                    141,                 1.3853,                 1.7655,                 1.6745,                0.83022,                0.72624,                0.78203,                0.47993,                 1.5888,                 1.9731,                 1.9148,              0.0065796,              0.0065796,              0.0065796
                    142,                 1.3822,                 1.7683,                 1.6819,                0.83735,                0.68457,                0.77294,                0.47056,                 1.5816,                 2.0719,                  1.918,              0.0065373,              0.0065373,              0.0065373
                    143,                 1.3728,                 1.7596,                 1.6712,                0.80467,                0.71816,                0.77202,                0.48083,                 1.5576,                   1.94,                 1.8897,              0.0064949,              0.0064949,              0.0064949
                    144,                 1.3834,                 1.7704,                 1.6809,                0.79891,                0.70638,                0.76618,                0.46354,                 1.6014,                 1.9996,                  1.931,              0.0064523,              0.0064523,              0.0064523
                    145,                 1.3841,                 1.7946,                 1.6929,                0.81111,                0.73823,                0.79207,                0.47689,                 1.5892,                 1.9318,                 1.9135,              0.0064097,              0.0064097,              0.0064097
                    146,                 1.3964,                  1.791,                 1.6774,                0.79688,                0.69906,                0.76406,                0.46866,                 1.6347,                 2.0114,                 1.9321,              0.0063669,              0.0063669,              0.0063669
                    147,                 1.4035,                 1.8124,                 1.6925,                0.78457,                0.71963,                 0.7661,                0.45968,                 1.6388,                 1.9805,                 1.9456,               0.006324,               0.006324,               0.006324
                    148,                 1.3763,                 1.7407,                 1.6618,                0.80897,                0.71348,                0.76339,                0.46936,                 1.6141,                 1.9571,                 1.9215,               0.006281,               0.006281,               0.006281
                    149,                 1.3587,                 1.7704,                 1.6579,                0.81095,                0.70875,                0.77128,                0.47982,                 1.5848,                 1.9597,                 1.9015,              0.0062379,              0.0062379,              0.0062379
                    150,                 1.3622,                 1.7687,                 1.6667,                0.82213,                0.69157,                0.76817,                0.47442,                 1.5806,                 2.0186,                 1.9219,              0.0061948,              0.0061948,              0.0061948
                    151,                  1.358,                 1.7255,                 1.6596,                0.80687,                0.72246,                0.77689,                0.47603,                 1.6079,                 1.9158,                 1.9261,              0.0061515,              0.0061515,              0.0061515
                    152,                 1.3652,                 1.7032,                 1.6519,                0.81593,                0.72265,                0.78222,                0.47876,                 1.6119,                 1.9507,                 1.9003,              0.0061081,              0.0061081,              0.0061081
                    153,                 1.3752,                  1.697,                 1.6452,                0.82723,                 0.7123,                0.77947,                0.48103,                 1.5864,                 1.9516,                 1.9086,              0.0060647,              0.0060647,              0.0060647
                    154,                 1.3665,                 1.7277,                 1.6537,                0.81873,                0.70338,                0.77367,                0.47259,                 1.5952,                 1.9151,                 1.9187,              0.0060211,              0.0060211,              0.0060211
                    155,                 1.3792,                 1.7512,                 1.6578,                0.78212,                0.74864,                0.77919,                0.47591,                 1.5728,                 1.9209,                 1.8821,              0.0059775,              0.0059775,              0.0059775
                    156,                 1.3464,                 1.6828,                 1.6426,                0.81649,                0.71411,                0.79322,                0.48881,                 1.5768,                 1.8941,                 1.9057,              0.0059339,              0.0059339,              0.0059339
                    157,                 1.3325,                 1.6535,                 1.6398,                0.81686,                0.70914,                0.77765,                0.47878,                 1.5632,                 1.9042,                 1.8841,              0.0058901,              0.0058901,              0.0058901
                    158,                 1.3508,                 1.6845,                  1.657,                0.79887,                0.72765,                0.78232,                0.47949,                 1.5943,                 1.9314,                 1.9084,              0.0058463,              0.0058463,              0.0058463
                    159,                 1.3361,                 1.6516,                 1.6333,                0.79239,                0.70952,                0.76615,                0.46553,                 1.6003,                 2.0258,                 1.9067,              0.0058024,              0.0058024,              0.0058024
                    160,                 1.3424,                 1.6925,                 1.6396,                0.82136,                0.72378,                0.78433,                0.47202,                 1.5786,                 1.8494,                 1.8906,              0.0057585,              0.0057585,              0.0057585
                    161,                 1.3382,                 1.6975,                 1.6417,                0.82646,                 0.7111,                0.78772,                0.48609,                 1.5731,                 1.9061,                  1.894,              0.0057145,              0.0057145,              0.0057145
                    162,                 1.3538,                 1.6836,                 1.6456,                0.81972,                0.72172,                0.78555,                0.47531,                 1.6136,                 1.9188,                 1.9241,              0.0056704,              0.0056704,              0.0056704
                    163,                 1.3552,                 1.7336,                 1.6502,                0.81215,                0.72621,                0.78572,                0.48208,                 1.5812,                 1.9219,                 1.9047,              0.0056263,              0.0056263,              0.0056263
                    164,                 1.3562,                 1.6644,                 1.6364,                0.78419,                0.73675,                0.78384,                0.47257,                 1.5979,                 1.9336,                 1.9007,              0.0055821,              0.0055821,              0.0055821
                    165,                 1.3386,                 1.6828,                 1.6575,                0.77419,                0.73034,                 0.7716,                0.46977,                 1.6105,                 1.9491,                 1.9258,              0.0055379,              0.0055379,              0.0055379
                    166,                 1.3425,                 1.6591,                 1.6351,                0.79097,                0.74531,                0.78203,                0.47869,                 1.5926,                 1.9032,                 1.9158,              0.0054937,              0.0054937,              0.0054937
                    167,                 1.3393,                 1.6801,                 1.6567,                0.80162,                0.73527,                  0.788,                0.48398,                 1.5899,                  1.889,                 1.9015,              0.0054494,              0.0054494,              0.0054494
                    168,                 1.3511,                 1.6814,                 1.6378,                 0.8388,                0.71083,                  0.783,                0.48184,                 1.5695,                 1.8743,                 1.8731,              0.0054051,              0.0054051,              0.0054051
                    169,                 1.3262,                 1.6461,                 1.6201,                0.81195,                0.71745,                0.78197,                0.48244,                 1.5771,                  1.931,                 1.9031,              0.0053608,              0.0053608,              0.0053608
                    170,                 1.3398,                 1.6449,                 1.6374,                0.81677,                0.71097,                0.78701,                0.48642,                 1.5796,                 1.8401,                 1.8905,              0.0053165,              0.0053165,              0.0053165
                    171,                 1.3084,                  1.651,                 1.6145,                0.82615,                  0.742,                0.79352,                0.49152,                  1.589,                 1.8701,                 1.9148,              0.0052721,              0.0052721,              0.0052721
                    172,                 1.3144,                 1.6203,                 1.6249,                0.82804,                0.73381,                0.79248,                 0.4854,                 1.5876,                 1.8806,                 1.9102,              0.0052277,              0.0052277,              0.0052277
                    173,                 1.3048,                 1.6152,                 1.6134,                 0.8569,                 0.7317,                0.79593,                 0.4838,                  1.576,                 1.8353,                  1.893,              0.0051833,              0.0051833,              0.0051833
                    174,                 1.3201,                 1.6095,                 1.6255,                0.80987,                0.74297,                0.79407,                0.48218,                 1.5799,                  1.843,                 1.9113,              0.0051389,              0.0051389,              0.0051389
                    175,                 1.3428,                 1.6619,                 1.6504,                 0.8225,                0.74501,                0.79007,                0.48799,                 1.5618,                 1.8513,                 1.8825,              0.0050944,              0.0050944,              0.0050944
                    176,                 1.3385,                 1.6567,                 1.6478,                0.81383,                0.72498,                0.78576,                0.48714,                 1.6002,                  1.893,                 1.9019,                0.00505,                0.00505,                0.00505
                    177,                 1.3162,                 1.6271,                 1.6171,                0.84335,                0.71719,                0.79348,                0.49091,                 1.5589,                 1.8396,                 1.8818,              0.0050056,              0.0050056,              0.0050056
                    178,                 1.3178,                 1.5991,                  1.636,                 0.8259,                0.72978,                0.78842,                0.48698,                 1.5729,                 1.8515,                 1.8845,              0.0049611,              0.0049611,              0.0049611
                    179,                 1.3175,                 1.6132,                 1.6323,                 0.8479,                0.70511,                 0.7821,                0.47835,                  1.592,                 1.9352,                 1.9055,              0.0049167,              0.0049167,              0.0049167
                    180,                 1.3108,                 1.6285,                 1.6336,                0.79664,                0.73277,                0.78606,                0.48538,                  1.566,                 1.8772,                 1.8932,              0.0048723,              0.0048723,              0.0048723
                    181,                  1.286,                 1.5624,                 1.5959,                0.85901,                0.72265,                0.80228,                0.50028,                  1.553,                 1.8227,                 1.8776,              0.0048279,              0.0048279,              0.0048279
                    182,                 1.2807,                 1.5308,                 1.5994,                0.84728,                0.72981,                0.80442,                0.49491,                 1.5669,                 1.8252,                 1.8806,              0.0047835,              0.0047835,              0.0047835
                    183,                 1.2734,                 1.5321,                 1.5899,                0.85875,                0.72807,                0.79605,                0.48559,                 1.5974,                 1.8331,                  1.901,              0.0047392,              0.0047392,              0.0047392
                    184,                 1.2932,                 1.5703,                 1.6112,                0.82455,                0.73675,                0.79535,                0.49039,                 1.5664,                 1.8207,                 1.8871,              0.0046949,              0.0046949,              0.0046949
                    185,                 1.3029,                 1.6032,                 1.6227,                0.83369,                0.73226,                0.79962,                0.48909,                 1.5709,                 1.8233,                 1.8974,              0.0046506,              0.0046506,              0.0046506
                    186,                 1.3027,                 1.5546,                 1.5981,                0.81672,                0.72502,                0.79252,                 0.4887,                 1.5712,                 1.8173,                 1.8754,              0.0046063,              0.0046063,              0.0046063
                    187,                 1.2757,                 1.5231,                 1.5916,                0.80405,                0.73844,                0.79627,                0.49118,                 1.5812,                 1.8299,                 1.8962,              0.0045621,              0.0045621,              0.0045621
                    188,                 1.2864,                 1.5149,                 1.5738,                0.83513,                 0.7368,                0.79326,                0.49105,                   1.58,                 1.8273,                 1.8971,              0.0045179,              0.0045179,              0.0045179
                    189,                 1.2961,                 1.5509,                 1.6092,                0.83985,                0.71859,                0.78408,                0.48248,                 1.5935,                 1.8522,                 1.9218,              0.0044737,              0.0044737,              0.0044737
                    190,                 1.2839,                 1.5315,                 1.6043,                0.78835,                 0.7482,                0.79935,                0.48841,                 1.5816,                 1.8416,                 1.9017,              0.0044296,              0.0044296,              0.0044296
                    191,                 1.2804,                 1.5402,                 1.5936,                0.82041,                0.72738,                 0.7875,                0.48827,                 1.5736,                 1.8145,                 1.8867,              0.0043855,              0.0043855,              0.0043855
                    192,                 1.2849,                 1.5578,                 1.6137,                0.80115,                0.75398,                0.79303,                0.48462,                 1.5823,                 1.8361,                 1.9044,              0.0043415,              0.0043415,              0.0043415
                    193,                 1.2788,                 1.5615,                 1.5887,                0.84316,                0.73213,                0.79972,                 0.4869,                 1.5789,                 1.8355,                 1.8974,              0.0042976,              0.0042976,              0.0042976
                    194,                 1.2633,                 1.5176,                 1.5947,                0.80784,                0.74192,                0.79861,                0.49706,                 1.5575,                 1.7871,                 1.8723,              0.0042537,              0.0042537,              0.0042537
                    195,                 1.2858,                 1.5749,                 1.6074,                0.84319,                0.72922,                 0.7977,                0.49822,                 1.5523,                  1.775,                 1.8894,              0.0042099,              0.0042099,              0.0042099
                    196,                 1.2782,                 1.5045,                 1.5929,                0.82298,                0.74598,                0.79708,                 0.4953,                 1.5735,                 1.7789,                 1.9199,              0.0041661,              0.0041661,              0.0041661
                    197,                 1.3002,                 1.5815,                 1.6068,                0.81217,                0.73994,                0.79335,                0.48654,                 1.5869,                 1.8207,                 1.9102,              0.0041225,              0.0041225,              0.0041225
                    198,                 1.2531,                 1.5182,                 1.5818,                0.85191,                 0.7204,                0.80355,                0.49459,                 1.5695,                 1.7773,                 1.8958,              0.0040789,              0.0040789,              0.0040789
                    199,                 1.2836,                 1.5576,                 1.6013,                0.82331,                0.72447,                0.79521,                0.49269,                   1.57,                 1.8156,                 1.8924,              0.0040353,              0.0040353,              0.0040353
                    200,                  1.277,                 1.5468,                 1.5905,                0.82354,                0.75043,                0.79924,                0.49645,                 1.5705,                 1.8402,                 1.8958,              0.0039919,              0.0039919,              0.0039919
                    201,                 1.2634,                 1.5235,                 1.5807,                 0.8194,                0.75273,                0.80539,                0.50032,                 1.5426,                 1.7724,                 1.8695,              0.0039485,              0.0039485,              0.0039485
                    202,                 1.2483,                 1.4642,                 1.5658,                0.82326,                0.76449,                0.81233,                 0.4999,                  1.561,                 1.7607,                 1.8885,              0.0039052,              0.0039052,              0.0039052
                    203,                 1.2617,                 1.4994,                 1.5854,                0.85494,                0.74127,                0.81105,                0.49869,                 1.5617,                 1.7483,                 1.8743,              0.0038621,              0.0038621,              0.0038621
                    204,                 1.2489,                 1.4914,                 1.5704,                0.82978,                0.75043,                0.80688,                0.50875,                 1.5385,                 1.7998,                 1.8608,               0.003819,               0.003819,               0.003819
                    205,                 1.2609,                 1.4928,                 1.5721,                0.80573,                0.75856,                0.79816,                0.50102,                 1.5502,                 1.7662,                 1.8705,               0.003776,               0.003776,               0.003776
                    206,                 1.2495,                 1.4564,                 1.5672,                0.81188,                0.75852,                0.81444,                0.49927,                 1.5627,                 1.7842,                  1.886,              0.0037331,              0.0037331,              0.0037331
                    207,                 1.2588,                 1.5096,                  1.589,                 0.8373,                0.74789,                0.80048,                  0.498,                 1.5622,                 1.7488,                 1.9013,              0.0036903,              0.0036903,              0.0036903
                    208,                 1.2434,                 1.4573,                 1.5655,                0.83771,                0.74321,                0.80387,                0.50286,                  1.555,                 1.7667,                 1.8848,              0.0036477,              0.0036477,              0.0036477
                    209,                 1.2728,                 1.5234,                 1.5896,                0.83084,                0.74215,                0.79307,                0.49624,                 1.5598,                 1.7863,                 1.9013,              0.0036051,              0.0036051,              0.0036051
                    210,                 1.2704,                 1.5138,                 1.5887,                0.84408,                0.73202,                0.79794,                 0.4914,                 1.5719,                 1.7989,                 1.9073,              0.0035627,              0.0035627,              0.0035627
                    211,                 1.2385,                 1.4727,                 1.5668,                0.84927,                0.73775,                0.80312,                0.49677,                 1.5784,                 1.7907,                 1.9006,              0.0035204,              0.0035204,              0.0035204
                    212,                 1.2335,                 1.4545,                 1.5654,                0.85213,                0.73165,                0.80639,                0.50214,                 1.5643,                 1.7587,                 1.8886,              0.0034782,              0.0034782,              0.0034782
                    213,                 1.2476,                 1.4557,                 1.5674,                0.84651,                0.72495,                 0.7949,                0.49894,                 1.5607,                   1.76,                 1.8932,              0.0034361,              0.0034361,              0.0034361
                    214,                 1.2365,                 1.4452,                 1.5684,                0.84322,                0.74224,                0.80206,                0.50312,                 1.5461,                 1.7442,                  1.872,              0.0033942,              0.0033942,              0.0033942
                    215,                 1.2358,                 1.4378,                 1.5578,                0.82347,                0.74709,                0.80457,                 0.5027,                  1.563,                 1.7562,                 1.8953,              0.0033524,              0.0033524,              0.0033524
                    216,                 1.2302,                 1.4517,                 1.5722,                0.82349,                0.75931,                0.80085,                0.50158,                 1.5595,                 1.7481,                 1.8782,              0.0033107,              0.0033107,              0.0033107
                    217,                 1.2242,                 1.4534,                 1.5547,                0.85879,                0.73324,                0.80168,                0.50199,                  1.551,                 1.7559,                 1.8739,              0.0032692,              0.0032692,              0.0032692
                    218,                 1.2097,                 1.4177,                 1.5491,                0.81941,                0.75771,                 0.8074,                 0.5008,                 1.5508,                 1.7863,                 1.8702,              0.0032278,              0.0032278,              0.0032278
                    219,                 1.2357,                 1.4309,                 1.5589,                0.85146,                0.74295,                0.80979,                0.50573,                 1.5507,                 1.7487,                 1.8914,              0.0031865,              0.0031865,              0.0031865
                    220,                 1.2292,                 1.4539,                 1.5661,                0.87488,                 0.7203,                0.80919,                0.50088,                 1.5619,                 1.7627,                 1.8939,              0.0031455,              0.0031455,              0.0031455
                    221,                  1.206,                 1.4017,                 1.5421,                0.86684,                0.72684,                0.80858,                0.50108,                  1.551,                 1.7538,                  1.878,              0.0031045,              0.0031045,              0.0031045
                    222,                 1.2173,                 1.4306,                 1.5447,                0.82074,                0.75784,                 0.8059,                0.49868,                 1.5558,                 1.7256,                  1.887,              0.0030637,              0.0030637,              0.0030637
                    223,                 1.2113,                 1.3963,                 1.5257,                0.82873,                0.75851,                0.80817,                0.50357,                 1.5583,                 1.7456,                 1.8914,              0.0030231,              0.0030231,              0.0030231
                    224,                 1.2086,                 1.3859,                 1.5408,                0.85325,                0.73852,                0.81276,                0.50696,                 1.5593,                 1.7178,                 1.8843,              0.0029827,              0.0029827,              0.0029827
                    225,                 1.2146,                 1.3993,                 1.5365,                0.84076,                0.74683,                 0.8118,                0.50561,                 1.5554,                 1.7006,                 1.8799,              0.0029424,              0.0029424,              0.0029424
                    226,                 1.2252,                 1.4246,                 1.5614,                0.84359,                0.75707,                0.81461,                0.50499,                  1.568,                 1.7276,                 1.8867,              0.0029023,              0.0029023,              0.0029023
                    227,                 1.2211,                 1.4056,                 1.5382,                0.85234,                0.75509,                0.81439,                0.50868,                 1.5456,                 1.6929,                 1.8734,              0.0028623,              0.0028623,              0.0028623
                    228,                 1.2063,                 1.3944,                 1.5378,                0.81583,                0.76928,                0.80476,                0.50449,                 1.5508,                  1.733,                 1.8705,              0.0028226,              0.0028226,              0.0028226
                    229,                 1.2131,                 1.4381,                 1.5418,                0.85512,                0.72675,                0.80533,                    0.5,                 1.5505,                 1.7225,                 1.8804,               0.002783,               0.002783,               0.002783
                    230,                 1.1952,                 1.3734,                 1.5253,                0.81153,                0.76437,                0.80403,                 0.4965,                 1.5569,                 1.7392,                 1.8885,              0.0027436,              0.0027436,              0.0027436
                    231,                 1.2066,                 1.4163,                 1.5313,                0.83412,                0.74782,                0.79893,                0.49683,                 1.5424,                   1.74,                 1.8829,              0.0027044,              0.0027044,              0.0027044
                    232,                 1.1982,                 1.3918,                 1.5443,                0.84299,                0.74216,                0.80671,                0.49994,                 1.5719,                 1.7604,                 1.9069,              0.0026653,              0.0026653,              0.0026653
                    233,                 1.2108,                 1.3981,                 1.5522,                0.87091,                0.71976,                0.79881,                0.49588,                 1.5633,                 1.7749,                 1.8969,              0.0026265,              0.0026265,              0.0026265
                    234,                 1.1706,                 1.3631,                 1.5195,                0.85204,                0.73728,                0.80198,                0.49944,                 1.5629,                 1.7411,                 1.8892,              0.0025878,              0.0025878,              0.0025878
                    235,                 1.2081,                 1.3928,                 1.5309,                0.85746,                0.73257,                 0.8044,                0.50114,                 1.5562,                 1.7258,                 1.8932,              0.0025494,              0.0025494,              0.0025494
                    236,                 1.2004,                 1.3811,                 1.5482,                0.84436,                 0.7441,                0.80281,                0.50531,                 1.5596,                 1.7503,                 1.8904,              0.0025111,              0.0025111,              0.0025111
                    237,                 1.1996,                 1.3882,                 1.5598,                0.86115,                0.75551,                0.81405,                0.51338,                 1.5404,                 1.7021,                 1.8837,              0.0024731,              0.0024731,              0.0024731
                    238,                  1.162,                 1.3551,                 1.5108,                0.85878,                0.74418,                0.80157,                0.50515,                 1.5585,                 1.7509,                 1.9008,              0.0024353,              0.0024353,              0.0024353
                    239,                 1.1867,                  1.381,                 1.5285,                0.83614,                 0.7469,                0.80038,                0.49794,                 1.5733,                 1.7507,                 1.9112,              0.0023977,              0.0023977,              0.0023977
                    240,                 1.1956,                 1.3797,                 1.5308,                 0.8393,                0.74286,                0.80634,                0.50211,                   1.56,                 1.7147,                 1.9015,              0.0023603,              0.0023603,              0.0023603
                    241,                  1.173,                 1.3561,                 1.5248,                0.80335,                0.77473,                0.80403,                0.50382,                 1.5501,                 1.7362,                  1.898,              0.0023231,              0.0023231,              0.0023231
                    242,                 1.1793,                 1.3441,                 1.5243,                0.83903,                0.75894,                0.81358,                0.50514,                  1.572,                 1.6885,                 1.9207,              0.0022861,              0.0022861,              0.0022861
                    243,                  1.195,                  1.394,                 1.5272,                0.84129,                 0.7469,                0.81276,                0.50041,                 1.5713,                 1.6931,                 1.9006,              0.0022493,              0.0022493,              0.0022493
                    244,                  1.166,                 1.3333,                  1.507,                0.82696,                0.75461,                0.80976,                0.50521,                 1.5557,                 1.7063,                 1.8902,              0.0022128,              0.0022128,              0.0022128
                    245,                 1.1753,                  1.369,                 1.5188,                0.81261,                0.76453,                0.81171,                0.50977,                 1.5484,                  1.702,                  1.897,              0.0021765,              0.0021765,              0.0021765
                    246,                 1.1792,                 1.3538,                 1.5256,                0.85214,                0.73088,                0.80412,                0.50153,                 1.5544,                 1.7252,                 1.8973,              0.0021405,              0.0021405,              0.0021405
                    247,                 1.1842,                 1.3532,                 1.5249,                0.86789,                0.72686,                0.80961,                0.50406,                 1.5677,                 1.7146,                 1.8924,              0.0021046,              0.0021046,              0.0021046
                    248,                 1.1706,                 1.3605,                 1.5135,                 0.8524,                0.73684,                0.80692,                0.50483,                 1.5674,                 1.7235,                 1.9023,               0.002069,               0.002069,               0.002069
                    249,                 1.1724,                 1.3389,                 1.5079,                0.85652,                0.73964,                0.81049,                0.50601,                 1.5467,                 1.6941,                 1.8933,              0.0020337,              0.0020337,              0.0020337
                    250,                 1.1631,                 1.3224,                 1.5111,                0.85818,                0.74228,                0.81076,                0.50665,                 1.5391,                 1.7241,                 1.8819,              0.0019986,              0.0019986,              0.0019986
                    251,                 1.1523,                  1.311,                 1.5065,                0.84192,                0.74701,                0.80684,                0.50268,                 1.5434,                 1.7379,                 1.8805,              0.0019637,              0.0019637,              0.0019637
                    252,                 1.1773,                  1.357,                 1.5169,                0.84362,                0.75487,                0.80817,                0.50511,                 1.5471,                 1.7269,                  1.884,              0.0019291,              0.0019291,              0.0019291
                    253,                 1.1591,                 1.3401,                 1.5153,                0.84902,                0.73658,                0.80716,                0.50553,                 1.5492,                 1.7473,                 1.8923,              0.0018948,              0.0018948,              0.0018948
                    254,                 1.1666,                 1.3182,                 1.5029,                0.84517,                 0.7371,                0.81322,                 0.5089,                 1.5357,                 1.7108,                  1.884,              0.0018606,              0.0018606,              0.0018606
                    255,                 1.1504,                  1.325,                    1.5,                 0.8578,                0.74274,                0.80921,                0.50934,                 1.5393,                 1.7452,                 1.8748,              0.0018268,              0.0018268,              0.0018268
                    256,                  1.174,                 1.3256,                 1.5035,                0.84666,                0.73208,                0.81091,                0.50786,                 1.5445,                 1.7348,                 1.8865,              0.0017932,              0.0017932,              0.0017932
                    257,                 1.1535,                 1.3291,                  1.504,                0.84622,                0.73579,                0.80623,                0.50666,                 1.5389,                 1.7056,                 1.8842,              0.0017599,              0.0017599,              0.0017599
                    258,                  1.177,                 1.3426,                 1.5063,                0.86076,                0.74032,                0.80447,                0.50313,                 1.5449,                  1.699,                 1.8933,              0.0017268,              0.0017268,              0.0017268
                    259,                 1.1625,                 1.3457,                 1.5051,                0.84669,                0.74816,                0.80964,                0.50497,                 1.5515,                 1.6845,                 1.8906,               0.001694,               0.001694,               0.001694
                    260,                 1.1445,                  1.315,                  1.501,                0.83409,                0.75051,                0.80462,                0.50997,                  1.538,                 1.6882,                 1.8819,              0.0016615,              0.0016615,              0.0016615
                    261,                 1.1401,                 1.2948,                 1.5028,                0.83457,                0.75635,                0.80951,                0.50874,                 1.5383,                 1.6689,                 1.8779,              0.0016292,              0.0016292,              0.0016292
                    262,                 1.1579,                 1.3152,                 1.4916,                0.84583,                0.74008,                0.81021,                0.50407,                 1.5491,                 1.6795,                 1.8866,              0.0015973,              0.0015973,              0.0015973
                    263,                  1.143,                 1.3043,                 1.4967,                0.80665,                0.76233,                0.79915,                0.49945,                  1.555,                 1.7387,                 1.8897,              0.0015656,              0.0015656,              0.0015656
                    264,                 1.1622,                 1.3069,                 1.4955,                0.87232,                 0.7213,                0.79937,                0.50059,                 1.5541,                 1.7368,                   1.91,              0.0015341,              0.0015341,              0.0015341
                    265,                 1.1336,                 1.2959,                 1.4999,                0.83015,                0.75822,                0.80725,                0.50722,                 1.5434,                 1.6756,                 1.8892,               0.001503,               0.001503,               0.001503
                    266,                 1.1262,                 1.2771,                 1.4831,                0.83496,                0.74562,                0.80788,                0.50997,                 1.5414,                 1.6839,                  1.874,              0.0014722,              0.0014722,              0.0014722
                    267,                 1.1367,                 1.2918,                 1.5012,                0.85381,                0.73298,                0.80294,                 0.5073,                 1.5339,                 1.6807,                 1.8786,              0.0014416,              0.0014416,              0.0014416
                    268,                 1.1314,                 1.2911,                 1.4826,                0.82458,                0.75319,                0.80573,                0.50346,                 1.5417,                 1.6965,                 1.8765,              0.0014113,              0.0014113,              0.0014113
                    269,                  1.142,                 1.2994,                 1.4931,                0.84157,                0.75025,                0.81274,                0.50922,                  1.533,                 1.6714,                 1.8723,              0.0013814,              0.0013814,              0.0013814
                    270,                 1.1254,                  1.282,                 1.4826,                0.85378,                0.73601,                0.81196,                0.50753,                 1.5369,                 1.6898,                 1.8722,              0.0013517,              0.0013517,              0.0013517
                    271,                 1.1294,                 1.2643,                 1.4837,                0.85047,                0.74162,                0.80934,                0.50554,                 1.5451,                 1.6677,                 1.8855,              0.0013223,              0.0013223,              0.0013223
                    272,                 1.1409,                 1.2806,                 1.4792,                 0.8565,                0.73886,                0.81275,                0.51245,                 1.5388,                 1.6515,                 1.8822,              0.0012932,              0.0012932,              0.0012932
                    273,                 1.1254,                 1.2771,                 1.4869,                0.83499,                0.75072,                0.80898,                0.50321,                 1.5513,                 1.6714,                 1.8868,              0.0012644,              0.0012644,              0.0012644
                    274,                 1.1388,                  1.273,                 1.4847,                 0.8525,                0.74833,                 0.8119,                0.50716,                 1.5451,                 1.6779,                 1.8922,               0.001236,               0.001236,               0.001236
                    275,                 1.1369,                 1.2863,                 1.4818,                0.84777,                0.75169,                0.81329,                0.50923,                 1.5447,                 1.6724,                 1.8897,              0.0012078,              0.0012078,              0.0012078
                    276,                 1.1193,                 1.2748,                 1.4686,                0.84709,                0.74357,                0.80736,                0.50743,                 1.5487,                 1.6889,                  1.891,              0.0011799,              0.0011799,              0.0011799
                    277,                 1.1161,                 1.2643,                 1.4757,                0.85122,                0.74167,                0.81066,                 0.5091,                 1.5375,                 1.6906,                 1.8864,              0.0011524,              0.0011524,              0.0011524
                    278,                 1.1323,                 1.2681,                 1.4912,                0.84489,                  0.751,                0.81028,                 0.5081,                 1.5389,                 1.6823,                  1.887,              0.0011252,              0.0011252,              0.0011252
                    279,                 1.1204,                 1.2454,                 1.4703,                0.84362,                0.74881,                0.80839,                0.50924,                 1.5273,                 1.6851,                 1.8747,              0.0010982,              0.0010982,              0.0010982
                    280,                 1.1081,                 1.2645,                 1.4754,                 0.8636,                0.74392,                 0.8107,                0.51086,                 1.5384,                 1.6814,                 1.8826,              0.0010716,              0.0010716,              0.0010716
                    281,                 1.1251,                 1.2699,                 1.4788,                0.84064,                0.75812,                0.81135,                0.51127,                  1.532,                  1.651,                 1.8749,              0.0010454,              0.0010454,              0.0010454
                    282,                 1.1049,                 1.2605,                 1.4833,                0.83375,                0.74998,                0.80674,                0.50749,                 1.5377,                 1.6878,                 1.8878,              0.0010194,              0.0010194,              0.0010194
